{
	"id": "798deb34-93fd-4cd4-b026-43c898424c51",
	"name": "Royal Reserve Bank",
	"values": [
		{
			"key": "oidc_provider",
			"value": "https://dev-w4tsg2n64xw88mjb.us.auth0.com/oauth/token",
			"type": "default",
			"enabled": true
		},
		{
			"key": "url",
			"value": "http://localhost:8080",
			"type": "default",
			"enabled": true
		},
		{
			"key": "secret",
			"value": "e5qQhoxUuG9_f_2FMlSiNkdix7R4BALqecMNb-SAKTGd123j8IrzpspKTr1dcWkS",
			"type": "default",
			"enabled": true
		},
		{
			"key": "client_id",
			"value": "o9BivpkKvTVVzCTp5cbBy7CqJ2fpDoEA",
			"type": "default",
			"enabled": true
		},
		{
			"key": "audience",
			"value": "23425532",
			"type": "default",
			"enabled": true
		}
	],
	"_postman_variable_scope": "environment",
	"_postman_exported_at": "2023-05-11T20:21:42.881Z",
	"_postman_exported_using": "Postman/10.13.5"
}